Educational Leadership,,
,Instructional Leadership,
,,Professional Development
,,Curriculum and Instruction
,,Standards and Assessment
,,Instructional Innovation and Reform
,,Instructional Materials Review and Procurement
,Fiscal Administration,
,,Budget Development and Planning
,,Grants Management
,,"Site, District, Agency Services Management"
,,Contracts and Purchasing
,,Materials Management
,Special Programs and Services,
,,Specialized Support Services
,,Atheltics Activities and Programs
,,Extra-Curricular Activities and Programs
,,School Site Safety
,,Response to Intervention
,,Individual Education Plans
,,School to Home Connections
,,Multi-Agency Services
,,Beyond School Time Programs
,,Nutrition and Health Support Programs
,,Emotional Development and Support Programs
,Human Resources,
,,Recruiting and Retention
,,Staff Sustainability and Support
,,Employee Supervision and Evaluation
,,Performance Observation
,,Employee Growth and Development Planning
,,Education Code and Related Legalities
,Facilities Planning and Management,
,,Creating Instructional Environments
,,Contracts and Vendor Services
,,Planning for Sustainability and Growth
,Community Outreach and Support,
,,Business/Workplace Partnerships
,,Building and Supporting Stakeholders
,,Creating Inclusive Processes
,School/Education Reform,
,,Change Management
,,Program Research and Analysis
,,Building Collaboration and Consensus
,Technology Leadership,
,,Technology Planning and Funding
,,Information Technology
,,Educational / Instructional Technology
,,Technology Supported Testing
,,Data Management and Reporting
,,Technology Procurement and Contracting